group,serum,virus,replicate,titer,titer_bound,titer_as,nt50,midpoint,top,bottom,slope
PennVaccineCohort,PENN23_y1976_s028_d28,A/Norway/9845/2023,plate4-GTAAAGACCTTCGGAG,45.93,interpolated,midpoint,48.95,45.93,0.8229,0,6.851
PennVaccineCohort,PENN23_y1976_s028_d28,A/Norway/9845/2023,plate4-TGAAGCCATGAGTATC,43.59,interpolated,midpoint,45.36,43.59,0.8357,0,10
PennVaccineCohort,PENN23_y1976_s028_d28,A/Pennsylvania/46/2023,plate4-GAAAATGATCCACATT,40,upper,midpoint,40,40,0.7478,0,3.005
PennVaccineCohort,PENN23_y1976_s028_d28,A/Pennsylvania/46/2023,plate4-AGAAAGCTGTTAATAC,44.85,interpolated,midpoint,48.2,44.85,0.8466,0,5.087
PennVaccineCohort,PENN23_y1976_s028_d28,A/Pennsylvania/46/2023,plate4-AAATAATGAGTTTATA,50.32,interpolated,midpoint,57.23,50.32,0.7331,0,5.932
PennVaccineCohort,PENN23_y1976_s028_d28,A/PaisVasco/1994/2023,plate4-CGAAAGAACCTACCCG,46.53,interpolated,midpoint,50.62,46.53,0.7156,0,10
PennVaccineCohort,PENN23_y1976_s028_d28,A/PaisVasco/1994/2023,plate4-TTATCACGTCTTTGCC,62.62,interpolated,midpoint,75.55,62.62,0.7239,0,4.281
PennVaccineCohort,PENN23_y1976_s028_d28,A/PaisVasco/1994/2023,plate4-CCAGCCACATAAAATT,53.65,interpolated,midpoint,64.84,53.65,0.6503,0,6.343
PennVaccineCohort,PENN23_y1976_s028_d28,A/EspiritoSanto/6964/2023,plate4-AAATAAGTATCCTAAA,51.25,interpolated,midpoint,62.24,51.25,0.773,0,3.114
PennVaccineCohort,PENN23_y1976_s028_d28,A/EspiritoSanto/6964/2023,plate4-TGGCCTGCTTCGGAAA,48.17,interpolated,midpoint,55.55,48.17,0.6203,0,10
PennVaccineCohort,PENN23_y1976_s028_d28,A/EspiritoSanto/6964/2023,plate4-AGCATCACGTCAGTCT,66.74,interpolated,midpoint,74.66,66.74,0.7885,0,4.905
PennVaccineCohort,PENN23_y1976_s028_d28,A/Victoria/1834/2023,plate4-CAAGGAAGTCAGGATT,90.21,interpolated,midpoint,95.76,90.21,0.7752,0,10
PennVaccineCohort,PENN23_y1976_s028_d28,A/Victoria/1834/2023,plate4-GCATCCTTTTCCTGTT,80.04,interpolated,midpoint,84.8,80.04,0.7804,0,10
PennVaccineCohort,PENN23_y1976_s028_d28,A/Victoria/1834/2023,plate4-CTCATATTCCTATGAC,75.21,interpolated,midpoint,81.87,75.21,0.8075,0,5.736
PennVaccineCohort,PENN23_y1976_s028_d28,A/Netherlands/1739/2023,plate4-ACTAAAGGCATAGTAG,43.36,interpolated,midpoint,45.36,43.36,0.8186,0,10
PennVaccineCohort,PENN23_y1976_s028_d28,A/Netherlands/1739/2023,plate4-TCTATCATCGCCGTTA,43.71,interpolated,midpoint,45.34,43.71,0.8473,0,10
PennVaccineCohort,PENN23_y1976_s028_d28,A/Netherlands/1739/2023,plate4-AATAAAATGCATGGGT,48.8,interpolated,midpoint,52.45,48.8,0.7429,0,10
PennVaccineCohort,PENN23_y1976_s028_d28,A/California/82/2023,plate4-TGGGAAATCATTGGTA,45.39,interpolated,midpoint,46.57,45.39,0.8865,0,10
PennVaccineCohort,PENN23_y1976_s028_d28,A/California/82/2023,plate4-ATACGTATTGATATCT,44.26,interpolated,midpoint,46.13,44.26,0.8302,0,10
PennVaccineCohort,PENN23_y1976_s028_d28,A/Denmark/1567/2023,plate4-TAGTAATCTAAAGTAA,44.56,interpolated,midpoint,46.27,44.56,0.8432,0,10
PennVaccineCohort,PENN23_y1976_s028_d28,A/Denmark/1567/2023,plate4-ACCCCTTCAGAAGTTA,48.2,interpolated,midpoint,56.1,48.2,0.6098,0,10
PennVaccineCohort,PENN23_y1976_s028_d28,A/Denmark/1567/2023,plate4-TCCGAAAGACCAAAAC,49.51,interpolated,midpoint,52.61,49.51,0.7725,0,10
PennVaccineCohort,PENN23_y1976_s028_d28,A/Singapore/GP7085/2023,plate4-AAAGTGAGACCTGTAC,48.47,interpolated,midpoint,53.29,48.47,0.7368,0,7.878
PennVaccineCohort,PENN23_y1976_s028_d28,A/Singapore/GP7085/2023,plate4-CCCCAACCTATCGTAA,48.18,interpolated,midpoint,50.85,48.18,0.7912,0,10
PennVaccineCohort,PENN23_y1976_s028_d28,A/Norway/8030/2023,plate4-GCGGTATTCATTAATA,86.35,interpolated,midpoint,94.11,86.35,0.7115,0,10
PennVaccineCohort,PENN23_y1976_s028_d28,A/Norway/8030/2023,plate4-TTTGCTCGCAAAACCA,110.9,interpolated,midpoint,193.7,110.9,0.6,0,2.887
PennVaccineCohort,PENN23_y1976_s028_d28,A/Norway/8030/2023,plate4-GTTTCTGCCTTACAAA,87.42,interpolated,midpoint,93.01,87.42,0.7689,0,10
PennVaccineCohort,PENN23_y1976_s028_d28,A/NewHampshire/7/2023,plate4-TGAACTAGACTTTCAA,50.13,interpolated,midpoint,59.82,50.13,0.6999,0,5.187
PennVaccineCohort,PENN23_y1976_s028_d28,A/NewHampshire/7/2023,plate4-CTGCACTCCGTAAATT,56.71,interpolated,midpoint,70.49,56.71,0.7445,0,3.29
PennVaccineCohort,PENN23_y1976_s028_d28,A/NewHampshire/7/2023,plate4-AAGTAGTGATTAAGCA,49.35,interpolated,midpoint,53.81,49.35,0.7106,0,10
PennVaccineCohort,PENN23_y1976_s028_d28,A/Arizona/43/2023,plate4-TGTGATAGACCTAGAA,45.57,interpolated,midpoint,49.34,45.57,0.7259,0,10
PennVaccineCohort,PENN23_y1976_s028_d28,A/Arizona/43/2023,plate4-TATGGCCTATAGGTTC,42.27,interpolated,midpoint,43.55,42.27,0.8709,0,10
PennVaccineCohort,PENN23_y1976_s028_d28,A/Arizona/43/2023,plate4-AGTCAGGAGTCATATA,46.97,interpolated,midpoint,50.65,46.97,0.7644,0,8.433
PennVaccineCohort,PENN23_y1976_s028_d28,A/Gwangju/1254/2023,plate4-GACAATATACCCCCAT,43.62,interpolated,midpoint,45.13,43.62,0.8561,0,10
PennVaccineCohort,PENN23_y1976_s028_d28,A/Gwangju/1254/2023,plate4-GGCTTGAATGATATTG,48.09,interpolated,midpoint,50.54,48.09,0.804,0,10
PennVaccineCohort,PENN23_y1976_s028_d28,A/Gwangju/1254/2023,plate4-GTCAAATAAATTTTCA,56.23,interpolated,midpoint,62.96,56.23,0.7551,0,5.954
PennVaccineCohort,PENN23_y1976_s028_d28,A/CostaRica/INC-0036-793184/2023,plate4-AATTGTGAATGCCACA,40,upper,midpoint,40,40,0.8595,0,9.999
PennVaccineCohort,PENN23_y1976_s028_d28,A/CostaRica/INC-0036-793184/2023,plate4-TAGGACTACAGAGAAC,50.61,interpolated,midpoint,53.83,50.61,0.8039,0,8.079
PennVaccineCohort,PENN23_y1976_s028_d28,A/CostaRica/INC-0036-793184/2023,plate4-CGTTAAGTTGAAAAAA,62.67,interpolated,midpoint,71.34,62.67,0.7895,0,4.221
PennVaccineCohort,PENN23_y1976_s028_d28,A/ChiangRai/P3437/2023,plate4-AAACTGATTAATGATG,53.77,interpolated,midpoint,70.34,53.77,0.738,0,2.763
PennVaccineCohort,PENN23_y1976_s028_d28,A/ChiangRai/P3437/2023,plate4-GGATTACACGATACCG,80.58,interpolated,midpoint,83.61,80.58,0.8456,0,10
PennVaccineCohort,PENN23_y1976_s028_d28,A/ChiangRai/P3437/2023,plate4-AATGATAACTTAAAAA,84.76,interpolated,midpoint,118.2,84.76,0.761,0,1.957
PennVaccineCohort,PENN23_y1976_s028_d28,A/Sydney/845/2023,plate4-GTATCCCCACGAAAGT,54.21,interpolated,midpoint,58.59,54.21,0.8325,0,5.256
PennVaccineCohort,PENN23_y1976_s028_d28,A/Sydney/845/2023,plate4-ATTACCTAAGTGAAAT,64.15,interpolated,midpoint,72.57,64.15,0.7757,0,4.825
PennVaccineCohort,PENN23_y1976_s028_d28,A/Sydney/845/2023,plate4-GAATATAAATGGGCAT,68.63,interpolated,midpoint,80.04,68.63,0.6751,0,6.823
PennVaccineCohort,PENN23_y1976_s028_d28,A/Senegal/1341/2023,plate4-CATGCAATTCAGAGGG,67.37,interpolated,midpoint,88.47,67.37,0.6742,0,3.869
PennVaccineCohort,PENN23_y1976_s028_d28,A/Senegal/1341/2023,plate4-AAGATGAATGTCTTAA,79.05,interpolated,midpoint,89.83,79.05,0.6393,0,10
PennVaccineCohort,PENN23_y1976_s028_d28,A/Senegal/1341/2023,plate4-TAAAGACAAAAAAACC,96.62,interpolated,midpoint,229.6,96.62,0.6,0,1.86
PennVaccineCohort,PENN23_y1976_s028_d28,A/Para/2023-020942-IEC/2023,plate4-TGCATTAATTCAACTA,93.01,interpolated,midpoint,115.8,93.01,0.8052,0,2.248
PennVaccineCohort,PENN23_y1976_s028_d28,A/Para/2023-020942-IEC/2023,plate4-AGACGCTTCGGCCCAA,79.19,interpolated,midpoint,86.27,79.19,0.7541,0,7.9
PennVaccineCohort,PENN23_y1976_s028_d28,A/Para/2023-020942-IEC/2023,plate4-TGAGTACTGTATACCA,82.24,interpolated,midpoint,89.79,82.24,0.7077,0,10
PennVaccineCohort,PENN23_y1976_s028_d28,A/RioGrandedoSul/6798/2023,plate4-ACGGCAAGTGATGAAA,45.18,interpolated,midpoint,47.39,45.18,0.8103,0,10
PennVaccineCohort,PENN23_y1976_s028_d28,A/RioGrandedoSul/6798/2023,plate4-CCAAATTTTAACTGTG,50.71,interpolated,midpoint,51.81,50.71,0.9034,0,10
PennVaccineCohort,PENN23_y1976_s028_d28,A/RioGrandedoSul/6798/2023,plate4-AATCCATTAGTTCAGC,56.59,interpolated,midpoint,63.8,56.59,0.7287,0,6.52
PennVaccineCohort,PENN23_y1976_s028_d28,A/Wisconsin/67/2022,plate4-AGGAAAGAAACTGGAG,46.29,interpolated,midpoint,48.66,46.29,0.8034,0,10
PennVaccineCohort,PENN23_y1976_s028_d28,A/Wisconsin/67/2022,plate4-CTGAACTTGTCGATAT,45.85,interpolated,midpoint,49.02,45.85,0.7565,0,10
PennVaccineCohort,PENN23_y1976_s028_d28,A/Wisconsin/67/2022,plate4-AAAGCTCTTTTCGTTC,48.96,interpolated,midpoint,50.81,48.96,0.8455,0,10
PennVaccineCohort,PENN23_y1976_s028_d28,A/Victoria/1389/2023,plate4-TTTTAGATAAACTTAG,48.66,interpolated,midpoint,51.28,48.66,0.7962,0,10
PennVaccineCohort,PENN23_y1976_s028_d28,A/Victoria/1389/2023,plate4-CGATGCACTCGTAAGT,62.27,interpolated,midpoint,72.65,62.27,0.7472,0,4.567
PennVaccineCohort,PENN23_y1976_s028_d28,A/Victoria/1389/2023,plate4-AAGATTACCAAATTAT,59.84,interpolated,midpoint,66.17,59.84,0.7385,0,7.357
PennVaccineCohort,PENN23_y1976_s028_d28,A/CostaRica/INC-0348-802602/2023,plate4-ACTTATGCTCTTGATA,76.9,interpolated,midpoint,80.82,76.9,0.8042,0,10
PennVaccineCohort,PENN23_y1976_s028_d28,A/CostaRica/INC-0348-802602/2023,plate4-ACTTAGGAAGGTAAAC,78.89,interpolated,midpoint,86.71,78.89,0.6942,0,10
PennVaccineCohort,PENN23_y1976_s028_d28,A/CostaRica/INC-0348-802602/2023,plate4-TAGTTGACTGTCGAGG,80.32,interpolated,midpoint,96.39,80.32,0.6656,0,6.061
PennVaccineCohort,PENN23_y1976_s028_d28,A/Philippines/10/2023,plate4-GGTCCACAAGCATCCT,100.9,interpolated,midpoint,125.4,100.9,0.772,0,2.797
PennVaccineCohort,PENN23_y1976_s028_d28,A/Philippines/10/2023,plate4-TAACCGGGGAATCATT,168.2,interpolated,midpoint,297.4,168.2,0.757,0,1.168
PennVaccineCohort,PENN23_y1976_s028_d28,A/Philippines/10/2023,plate4-CCAAGCTAGGTCGACA,88.35,interpolated,midpoint,110.2,88.35,0.6998,0,4.145
PennVaccineCohort,PENN23_y1976_s028_d28,A/SouthAfrica/R06646/2023,plate4-ACCTATTCTATTTTTC,71.65,interpolated,midpoint,80.69,71.65,0.7882,0,4.637
PennVaccineCohort,PENN23_y1976_s028_d28,A/SouthAfrica/R06646/2023,plate4-ACTTAAAATCTTATAA,75.51,interpolated,midpoint,89.79,75.51,0.6568,0,6.693
PennVaccineCohort,PENN23_y1976_s028_d28,A/SouthAfrica/R06646/2023,plate4-TGTTTTACATTAGATG,76.22,interpolated,midpoint,93.44,76.22,0.7706,0,3.014
PennVaccineCohort,PENN23_y1976_s028_d28,A/CostaRica/INC-0048-796565/2023,plate4-TAACGGTATTCCCCAG,79.18,interpolated,midpoint,88.43,79.18,0.7985,0,4.67
PennVaccineCohort,PENN23_y1976_s028_d28,A/CostaRica/INC-0048-796565/2023,plate4-CACGAGTTGGTGGGTT,76.9,interpolated,midpoint,93.61,76.9,0.7392,0,3.749
PennVaccineCohort,PENN23_y1976_s028_d28,A/CostaRica/INC-0048-796565/2023,plate4-CAATCCGCTTGAATAC,83.47,interpolated,midpoint,89.54,83.47,0.7479,0,10
PennVaccineCohort,PENN23_y1976_s028_d28,A/Michigan/MISAPPHIREL365374393/2023,plate4-ATCCCATCAACAAAAT,56.34,interpolated,midpoint,67.16,56.34,0.7415,0,4.144
PennVaccineCohort,PENN23_y1976_s028_d28,A/Michigan/MISAPPHIREL365374393/2023,plate4-TTCTATAGTACTTCTA,51.14,interpolated,midpoint,52.4,51.14,0.8915,0,10
PennVaccineCohort,PENN23_y1976_s028_d28,A/Michigan/MISAPPHIREL365374393/2023,plate4-GGATTGTAATAAATCA,51.32,interpolated,midpoint,57.32,51.32,0.7349,0,6.834
PennVaccineCohort,PENN23_y1976_s028_d28,A/Senegal/1382/2023,plate4-ATTATGGAAATAATGA,78.7,interpolated,midpoint,96.63,78.7,0.7537,0,3.306
PennVaccineCohort,PENN23_y1976_s028_d28,A/Senegal/1382/2023,plate4-CCCTATCCCAGAACCT,82.38,interpolated,midpoint,90.88,82.38,0.6873,0,10
PennVaccineCohort,PENN23_y1976_s028_d28,A/Senegal/1382/2023,plate4-CAGGACGCAAAACACA,85.68,interpolated,midpoint,97.98,85.68,0.7789,0,4.352
PennVaccineCohort,PENN23_y1976_s028_d28,A/Thies/1247/2023,plate4-AACGAAAAGAATAAGC,101.3,interpolated,midpoint,126.6,101.3,0.7117,0,3.864
PennVaccineCohort,PENN23_y1976_s028_d28,A/Thies/1247/2023,plate4-ATTATGTCGTGACAGT,90.09,interpolated,midpoint,115.5,90.09,0.7321,0,3.093
PennVaccineCohort,PENN23_y1976_s028_d28,A/Sydney/130/2023,plate4-ACTACCGCTAATATGC,73.11,interpolated,midpoint,84.84,73.11,0.725,0,5.363
PennVaccineCohort,PENN23_y1976_s028_d28,A/Sydney/130/2023,plate4-CAGATATGAGAGAGCA,80.38,interpolated,midpoint,95.06,80.38,0.7464,0,4.221
PennVaccineCohort,PENN23_y1976_s028_d28,A/Sydney/130/2023,plate4-CCATAACTGTATATGG,73.23,interpolated,midpoint,78.32,73.23,0.7775,0,8.759
PennVaccineCohort,PENN23_y1976_s028_d28,A/Pennsylvania/51/2023,plate4-ACCAAAGCTGAATGGA,97.1,interpolated,midpoint,135.1,97.1,0.664,0,3.374
PennVaccineCohort,PENN23_y1976_s028_d28,A/Pennsylvania/51/2023,plate4-ACAGTCGCAGGGAATA,90.7,interpolated,midpoint,115.4,90.7,0.7042,0,3.724
PennVaccineCohort,PENN23_y1976_s028_d28,A/Washington/32/2023,plate4-TTGGGGATTGCCCAAA,83.02,interpolated,midpoint,94.34,83.02,0.7553,0,5.261
PennVaccineCohort,PENN23_y1976_s028_d28,A/Washington/32/2023,plate4-AAACTCATCAGACTGG,83.18,interpolated,midpoint,109,83.18,0.657,0,4.278
PennVaccineCohort,PENN23_y1976_s028_d28,A/Washington/32/2023,plate4-CGCCTGTAAAAATTCG,68.64,interpolated,midpoint,76.9,68.64,0.695,0,8.285
PennVaccineCohort,PENN23_y1976_s028_d28,A/Argentina/677/2023,plate4-CGGCAGGATATTGCAG,85.24,interpolated,midpoint,93.98,85.24,0.6883,0,10
PennVaccineCohort,PENN23_y1976_s028_d28,A/Argentina/677/2023,plate4-ATATCAAGACTAGATG,84.71,interpolated,midpoint,103.1,84.71,0.7111,0,4.381
PennVaccineCohort,PENN23_y1976_s028_d28,A/Argentina/677/2023,plate4-CCGTTCTAAAACGCTA,98.86,interpolated,midpoint,141.9,98.86,0.6999,0,2.535
PennVaccineCohort,PENN23_y1976_s028_d28,A/Senegal/1423/2023,plate4-CACGAAATAGAACGTC,94.49,interpolated,midpoint,124.2,94.49,0.651,0,4.384
PennVaccineCohort,PENN23_y1976_s028_d28,A/Senegal/1423/2023,plate4-ACTGCGTACAGAGGTA,87.5,interpolated,midpoint,97.03,87.5,0.6779,0,10
PennVaccineCohort,PENN23_y1976_s028_d28,A/Senegal/1423/2023,plate4-ACGACCAAGTGGTAGT,85.86,interpolated,midpoint,90.99,85.86,0.7801,0,10
PennVaccineCohort,PENN23_y1976_s028_d28,A/Sydney/166/2023,plate4-AAGCCCAATAATAAGG,100.8,interpolated,midpoint,122,100.8,0.7443,0,3.751
PennVaccineCohort,PENN23_y1976_s028_d28,A/Sydney/166/2023,plate4-AGAACAATTATTGTTA,100.4,interpolated,midpoint,129.9,100.4,0.6744,0,4.094
PennVaccineCohort,PENN23_y1976_s028_d28,A/Sydney/166/2023,plate4-ATGGATATGCTATCAG,82.53,interpolated,midpoint,90.6,82.53,0.6968,0,10
PennVaccineCohort,PENN23_y1976_s028_d28,A/Chungbuk/1553/2023,plate4-AAATTAAAGAGGTTAA,79.56,interpolated,midpoint,109.8,79.56,0.6688,0,3.372
PennVaccineCohort,PENN23_y1976_s028_d28,A/Chungbuk/1553/2023,plate4-TTACCTCTGAGAAACG,82.85,interpolated,midpoint,96.84,82.85,0.7462,0,4.539
PennVaccineCohort,PENN23_y1976_s028_d28,A/Chungbuk/1553/2023,plate4-AGCCCTTAAGACATTA,71.9,interpolated,midpoint,83.38,71.9,0.6673,0,7.394
PennVaccineCohort,PENN23_y1976_s028_d28,A/Oregon/32/2023,plate4-GCCTTGCATTAGGAAC,91.44,interpolated,midpoint,107.3,91.44,0.766,0,3.934
PennVaccineCohort,PENN23_y1976_s028_d28,A/Oregon/32/2023,plate4-ATTGTGAAGAATTGCT,86.91,interpolated,midpoint,98.91,86.91,0.7128,0,6.61
PennVaccineCohort,PENN23_y1976_s028_d28,A/Oregon/32/2023,plate4-CGTATACAAACGCGAC,85.56,interpolated,midpoint,96.96,85.56,0.6432,0,10
PennVaccineCohort,PENN23_y1976_s028_d28,A/Brazil/GIHSN-HCL023128467501/2023,plate4-ATTCGAAGACAGAGGG,92.88,interpolated,midpoint,116.4,92.88,0.7026,0,4.007
PennVaccineCohort,PENN23_y1976_s028_d28,A/Brazil/GIHSN-HCL023128467501/2023,plate4-ACTAATCGCAACTAGA,94.62,interpolated,midpoint,119.1,94.62,0.7188,0,3.589
PennVaccineCohort,PENN23_y1976_s028_d28,A/Brazil/GIHSN-HCL023128467501/2023,plate4-CCTTGCGGTGTTTAAC,93.95,interpolated,midpoint,135.4,93.95,0.6103,0,4.133
PennVaccineCohort,PENN23_y1976_s028_d28,A/CostaRica/INC-0053-796776/2023,plate4-TTCTATGTTTCTTTAA,85.81,interpolated,midpoint,92.27,85.81,0.742,0,10
PennVaccineCohort,PENN23_y1976_s028_d28,A/CostaRica/INC-0053-796776/2023,plate4-TCATAATAGGATGTTT,89.21,interpolated,midpoint,106.8,89.21,0.6997,0,5.103
PennVaccineCohort,PENN23_y1976_s028_d28,A/CostaRica/INC-0053-796776/2023,plate4-CTCCGCGTGTACAGAT,51.52,interpolated,midpoint,56.69,51.52,0.692,0,10
PennVaccineCohort,PENN23_y1976_s028_d28,A/SouthAustralia/179/2023,plate4-ATAGGCATGCTTACTG,114.8,interpolated,midpoint,141.8,114.8,0.7527,0,3.238
PennVaccineCohort,PENN23_y1976_s028_d28,A/SouthAustralia/179/2023,plate4-TAAATGGTACAGAGGT,102.1,interpolated,midpoint,118.2,102.1,0.7845,0,3.847
PennVaccineCohort,PENN23_y1976_s028_d28,A/SouthAustralia/179/2023,plate4-ACGCCCCCACTTCATG,96.59,interpolated,midpoint,101.8,96.59,0.7962,0,10
PennVaccineCohort,PENN23_y1976_s028_d28,A/Norway/7787/2023,plate4-ATATGTGCTAACAAAA,78.63,interpolated,midpoint,86.91,78.63,0.8009,0,5.073
PennVaccineCohort,PENN23_y1976_s028_d28,A/Norway/7787/2023,plate4-CGCAGATATCATAGAA,93.58,interpolated,midpoint,128.8,93.58,0.6732,0,3.315
PennVaccineCohort,PENN23_y1976_s028_d28,A/Norway/7787/2023,plate4-ATAAGAGAGCATCTCT,83.86,interpolated,midpoint,103.9,83.86,0.788,0,2.58
PennVaccineCohort,PENN23_y1976_s028_d28,A/Sydney/591/2023,plate4-CTCTCTACAGTATTGA,118.4,interpolated,midpoint,154.2,118.4,0.7283,0,2.973
PennVaccineCohort,PENN23_y1976_s028_d28,A/Sydney/591/2023,plate4-ATTAGACAATAATGAC,104.1,interpolated,midpoint,148.8,104.1,0.661,0,3.17
PennVaccineCohort,PENN23_y1976_s028_d28,A/Sydney/591/2023,plate4-GGACATCTTTCAAGCA,89.17,interpolated,midpoint,96.3,89.17,0.7316,0,10
PennVaccineCohort,PENN23_y1976_s028_d28,A/Panama/M270337/2023,plate4-CAGAACACGATGGAAA,85.48,interpolated,midpoint,95.09,85.48,0.7216,0,7.632
PennVaccineCohort,PENN23_y1976_s028_d28,A/Panama/M270337/2023,plate4-GCAGTCTCCGGCTAGG,97.57,interpolated,midpoint,122.6,97.57,0.7272,0,3.461
PennVaccineCohort,PENN23_y1976_s028_d28,A/Panama/M270337/2023,plate4-GTCACTATATGATGTC,114.7,interpolated,midpoint,128.6,114.7,0.8507,0,3.096
PennVaccineCohort,PENN23_y1976_s028_d28,A/Perth/372/2023,plate4-TTATAAAAACAAATCG,84.78,interpolated,midpoint,120.3,84.78,0.6538,0,3.373
PennVaccineCohort,PENN23_y1976_s028_d28,A/Perth/372/2023,plate4-CTAGCAACATCTTCCT,81.16,interpolated,midpoint,85.95,81.16,0.782,0,10
PennVaccineCohort,PENN23_y1976_s028_d28,A/Perth/372/2023,plate4-TCCTCTATTTTCTTCT,85.15,interpolated,midpoint,97.1,85.15,0.6997,0,6.984
PennVaccineCohort,PENN23_y1976_s028_d28,A/Valparaiso/41964/2023,plate4-AATGAATGTATGCTAA,88.66,interpolated,midpoint,116,88.66,0.6422,0,4.674
PennVaccineCohort,PENN23_y1976_s028_d28,A/Valparaiso/41964/2023,plate4-TGCCATCTGTGCATTA,84.3,interpolated,midpoint,94.87,84.3,0.6535,0,10
PennVaccineCohort,PENN23_y1976_s028_d28,A/Valparaiso/41964/2023,plate4-CGCGAGCGTGAAATAA,149.7,interpolated,midpoint,322,149.7,0.6,0,2.101
PennVaccineCohort,PENN23_y1976_s028_d28,A/Ghana/1127/2023,plate4-TCGACGCTTCATGGAA,82.7,interpolated,midpoint,95.18,82.7,0.7606,0,4.639
PennVaccineCohort,PENN23_y1976_s028_d28,A/Ghana/1127/2023,plate4-GATAATAGAAAGTGTA,83.99,interpolated,midpoint,101.5,83.99,0.7213,0,4.313
PennVaccineCohort,PENN23_y1976_s028_d28,A/Ghana/1127/2023,plate4-AAACATATTGGCGTTT,81.79,interpolated,midpoint,94.91,81.79,0.6129,0,10
PennVaccineCohort,PENN23_y1976_s028_d28,A/Perth/275/2023,plate4-CCTGTTTTTAGACGAA,94.75,interpolated,midpoint,118.4,94.75,0.7229,0,3.626
PennVaccineCohort,PENN23_y1976_s028_d28,A/Perth/275/2023,plate4-ATAGGCTAGAAAGGAA,96.06,interpolated,midpoint,111.9,96.06,0.7862,0,3.664
PennVaccineCohort,PENN23_y1976_s028_d28,A/Perth/275/2023,plate4-GTCCACAACAGTTGAA,86.76,interpolated,midpoint,92.24,86.76,0.771,0,10
PennVaccineCohort,PENN23_y1976_s028_d28,A/Victoria/2241/2023,plate4-TATTCAACATTCTCTA,99.09,interpolated,midpoint,138,99.09,0.7558,0,2.022
PennVaccineCohort,PENN23_y1976_s028_d28,A/Victoria/2241/2023,plate4-GTAATACTGATGGGCA,82.49,interpolated,midpoint,92.85,82.49,0.6531,0,10
PennVaccineCohort,PENN23_y1976_s028_d28,A/Victoria/2241/2023,plate4-TGAATGATTCTCCTTT,82.39,interpolated,midpoint,86,82.39,0.8257,0,10
PennVaccineCohort,PENN23_y1976_s028_d28,A/Victoria/1010/2023,plate4-GTAGAAATCATAGGCG,92.23,interpolated,midpoint,149.5,92.23,0.6015,0,3.3
PennVaccineCohort,PENN23_y1976_s028_d28,A/Victoria/1010/2023,plate4-AATTTTAGGACGCCGT,96.83,interpolated,midpoint,114.7,96.83,0.7592,0,3.883
PennVaccineCohort,PENN23_y1976_s028_d28,A/Victoria/1010/2023,plate4-TCCCTTAGGCATAGCC,255.7,interpolated,midpoint,981,255.7,0.6,0,1.197
PennVaccineCohort,PENN23_y1976_s028_d28,A/Tasmania/140/2023,plate4-GAGAGTACGGCACTGA,96.44,interpolated,midpoint,114.2,96.44,0.7093,0,5.149
PennVaccineCohort,PENN23_y1976_s028_d28,A/Tasmania/140/2023,plate4-CAACGGATTCTTGTTG,86.85,interpolated,midpoint,99.99,86.85,0.7831,0,4.034
PennVaccineCohort,PENN23_y1976_s028_d28,A/Tasmania/140/2023,plate4-TATGACATTAGAAACA,110.7,interpolated,midpoint,139.3,110.7,0.7294,0,3.39
PennVaccineCohort,PENN23_y1976_s028_d28,A/Victoria/1013/2023,plate4-AAAATGCTGGGGTATA,125.9,interpolated,midpoint,149.7,125.9,0.7528,0,3.944
PennVaccineCohort,PENN23_y1976_s028_d28,A/Victoria/1013/2023,plate4-ATATTGTTAATATTCT,91.78,interpolated,midpoint,103.5,91.78,0.7107,0,7.176
PennVaccineCohort,PENN23_y1976_s028_d28,A/Victoria/1013/2023,plate4-CAGTCGCATTGAACCT,109.2,interpolated,midpoint,164.4,109.2,0.6786,0,2.52
PennVaccineCohort,PENN23_y1976_s028_d28,A/Cambodia/KPH230176/2023,plate4-CTGGAATGCAACGGGT,85.84,interpolated,midpoint,100.8,85.84,0.6689,0,6.762
PennVaccineCohort,PENN23_y1976_s028_d28,A/Cambodia/KPH230176/2023,plate4-ATTTGAACAATGTCCA,87.37,interpolated,midpoint,106.1,87.37,0.6784,0,5.317
PennVaccineCohort,PENN23_y1976_s028_d28,A/Cambodia/KPH230176/2023,plate4-AACATGTGTAAGCGGT,101.2,interpolated,midpoint,118.3,101.2,0.7603,0,4.175
PennVaccineCohort,PENN23_y1976_s028_d28,A/Perth/110/2023,plate4-ACGTAAAAAGGATATC,91.03,interpolated,midpoint,101.4,91.03,0.6699,0,10
PennVaccineCohort,PENN23_y1976_s028_d28,A/Perth/110/2023,plate4-GCAGAACATAAAACTC,67.7,interpolated,midpoint,78.96,67.7,0.6586,0,7.461
PennVaccineCohort,PENN23_y1976_s028_d28,A/Perth/110/2023,plate4-AGTACTTCGTACTCCT,67.62,interpolated,midpoint,75.43,67.62,0.7061,0,8.107
PennVaccineCohort,PENN23_y1976_s028_d28,A/Cambodia/SVH230198/2023,plate4-ATAGCATGCGATTTTA,103.9,interpolated,midpoint,134.7,103.9,0.7101,0,3.337
PennVaccineCohort,PENN23_y1976_s028_d28,A/Cambodia/SVH230198/2023,plate4-GTCTAACAAGAATGTA,82.99,interpolated,midpoint,91.33,82.99,0.692,0,10
PennVaccineCohort,PENN23_y1976_s028_d28,A/Victoria/1384/2023,plate4-CGCATGCAATTATAAA,86.42,interpolated,midpoint,97.13,86.42,0.6555,0,10
PennVaccineCohort,PENN23_y1976_s028_d28,A/Victoria/1384/2023,plate4-CAAAAACTTTAATTTC,123.8,interpolated,midpoint,145.4,123.8,0.7697,0,3.833
PennVaccineCohort,PENN23_y1976_s028_d28,A/Victoria/1384/2023,plate4-CTCCTAATAAAAAACT,85.33,interpolated,midpoint,97.69,85.33,0.6292,0,10
PennVaccineCohort,PENN23_y1976_s028_d28,A/Argentina/824/2023,plate4-TACTAAGTAAGAGCAA,81.32,interpolated,midpoint,88.67,81.32,0.7104,0,10
PennVaccineCohort,PENN23_y1976_s028_d28,A/Argentina/824/2023,plate4-ACAAATAGTTTATAGA,100,interpolated,midpoint,107.4,100,0.8167,0,6.373
PennVaccineCohort,PENN23_y1976_s028_d28,A/Arizona/IVYG43Q65T3/2023,plate4-TAACAGTTAGACAAAA,96.73,interpolated,midpoint,131.3,96.73,0.6822,0,3.306
PennVaccineCohort,PENN23_y1976_s028_d28,A/Arizona/IVYG43Q65T3/2023,plate4-TCACAATTCATATAAT,83.24,interpolated,midpoint,89.2,83.24,0.7502,0,10
PennVaccineCohort,PENN23_y1976_s028_d28,A/Arizona/IVYG43Q65T3/2023,plate4-ATCTAATAATTATGGT,71.1,interpolated,midpoint,86.38,71.1,0.6413,0,6.495
PennVaccineCohort,PENN23_y1976_s028_d28,A/Oregon/Flu-OHSU-241140095/2023,plate4-CAAGGAAACCGGTTGA,148.2,interpolated,midpoint,302.7,148.2,0.6614,0,1.584
PennVaccineCohort,PENN23_y1976_s028_d28,A/Oregon/Flu-OHSU-241140095/2023,plate4-AGCAGTAAATAAAATC,306.1,interpolated,midpoint,695.4,306.1,0.6812,0,1.237
PennVaccineCohort,PENN23_y1976_s028_d28,A/Oregon/Flu-OHSU-241140095/2023,plate4-AAAATCATTCGACTCT,124.3,interpolated,midpoint,173.1,124.3,0.7271,0,2.383
PennVaccineCohort,PENN23_y1976_s028_d28,A/Victoria/4897/2022_IVR238,plate4-AGAGCTAAAAAGAGGA,1026,interpolated,midpoint,1299,1026,0.7049,0,3.776
PennVaccineCohort,PENN23_y1976_s028_d28,A/Victoria/4897/2022_IVR238,plate4-AAGTTAAGAGAAAGTT,1252,interpolated,midpoint,1794,1252,0.6346,0,3.653
PennVaccineCohort,PENN23_y1976_s028_d28,A/Victoria/4897/2022_IVR238,plate4-AATCCGAAATTTATTC,4832,interpolated,midpoint,3.613e+04,4832,0.6,0,0.8
PennVaccineCohort,PENN23_y1976_s028_d28,A/Wisconsin/588/2019,plate4-GAAGAAACTATAACCA,828.2,interpolated,midpoint,1060,828.2,0.7712,0,2.482
PennVaccineCohort,PENN23_y1976_s028_d28,A/Wisconsin/588/2019,plate4-TATATTAGTAACATAA,669.9,interpolated,midpoint,736.3,669.9,0.6945,0,10
PennVaccineCohort,PENN23_y1976_s028_d28,A/Wisconsin/588/2019,plate4-AGTCCTATCCTCAAAT,942.5,interpolated,midpoint,1716,942.5,0.6909,0,1.607
PennVaccineCohort,PENN23_y1976_s028_d28,A/Jeonbuk/1544/2023,plate4-AAAGCCCTAGTTAAGT,50.79,interpolated,midpoint,56.68,50.79,0.6667,0,9.998
PennVaccineCohort,PENN23_y1976_s028_d28,A/Jeonbuk/1544/2023,plate4-GTCATATTCGATTACA,60.86,interpolated,midpoint,63.62,60.86,0.8209,0,10
PennVaccineCohort,PENN23_y1976_s028_d28,A/Jeonbuk/1544/2023,plate4-TGGACACTTACAACAA,104.5,interpolated,midpoint,118.8,104.5,0.6922,0,7.447
PennVaccineCohort,PENN23_y1976_s028_d28,A/California/75/2023,plate4-CTTCAAAGACTGATTA,99.67,interpolated,midpoint,146.8,99.67,0.6977,0,2.395
PennVaccineCohort,PENN23_y1976_s028_d28,A/California/75/2023,plate4-TAACCGCTTCAATATA,107.2,interpolated,midpoint,132.2,107.2,0.697,0,4.447
PennVaccineCohort,PENN23_y1976_s028_d28,A/California/75/2023,plate4-AGCCCGAAGAGCCCCT,129.7,interpolated,midpoint,143,129.7,0.8485,0,3.683
PennVaccineCohort,PENN23_y1976_s028_d28,A/Hawaii/70/2019,plate4-TGGAATCGTCACCGAT,1841,interpolated,midpoint,2275,1841,0.7416,0,3.436
PennVaccineCohort,PENN23_y1976_s028_d28,A/Hawaii/70/2019,plate4-ATAGAATCGCAAATTA,2231,interpolated,midpoint,2701,2231,0.7246,0,4.19
PennVaccineCohort,PENN23_y1976_s028_d28,A/Hawaii/70/2019,plate4-AGTAAACATGCATTGG,1962,interpolated,midpoint,2462,1962,0.7479,0,3.091
PennVaccineCohort,PENN23_y1976_s028_d28,A/NakhonPhanom/P3460/2023,plate4-AAGGAAAATTCAAAGC,110.1,interpolated,midpoint,159.6,110.1,0.6845,0,2.688
PennVaccineCohort,PENN23_y1976_s028_d28,A/NakhonPhanom/P3460/2023,plate4-TCATTGTCAATATTGA,118.1,interpolated,midpoint,139.3,118.1,0.7239,0,4.882
PennVaccineCohort,PENN23_y1976_s028_d28,A/NakhonPhanom/P3460/2023,plate4-CTGTAAAAAGCGTTAA,93.38,interpolated,midpoint,116.7,93.38,0.6035,0,7.057
PennVaccineCohort,PENN23_y1976_s028_d28,A/Michigan/45/2015,plate4-ACAAAGTCTCGAGAAG,4899,interpolated,midpoint,1.442e+04,4899,0.6,0,1.491
PennVaccineCohort,PENN23_y1976_s028_d28,A/Michigan/45/2015,plate4-CACCTAGGATCGCACT,5104,interpolated,midpoint,1.275e+04,5104,0.6,0,1.758
PennVaccineCohort,PENN23_y1976_s028_d28,A/Michigan/45/2015,plate4-TTGAAAAAATCATAAA,3505,interpolated,midpoint,5867,3505,0.6067,0,2.998
PennVaccineCohort,PENN23_y1976_s028_d28,A/California/07/2009,plate4-CATGTGAATTCGCCCA,5241,interpolated,midpoint,1.13e+04,5241,0.6,0,2.095
PennVaccineCohort,PENN23_y1976_s028_d28,A/California/07/2009,plate4-CCTTTCTCAAAACATA,1.176e+04,interpolated,midpoint,1.176e+04,1.176e+04,1,0,1.188
PennVaccineCohort,PENN23_y1976_s028_d28,A/California/07/2009,plate4-GACACAGAACCCATGC,5236,interpolated,midpoint,5679,5236,0.7219,0,10
PennVaccineCohort,PENN23_y1976_s028_d28,A/Brisbane/02/2018,plate4-TTGGGCACTAAATTAA,2368,interpolated,midpoint,4434,2368,0.6,0,2.566
PennVaccineCohort,PENN23_y1976_s028_d28,A/Brisbane/02/2018,plate4-TAATAAGCCAGCAAGA,2360,interpolated,midpoint,3785,2360,0.6193,0,3.033
PennVaccineCohort,PENN23_y1976_s028_d28,A/Brisbane/02/2018,plate4-ATCCGATTTAAAGGCA,2384,interpolated,midpoint,3538,2384,0.6585,0,2.909
