barcode,count
GAAGAAACTATAACCA,13989
AACGAAAAGAATAAGC,13740
ACCAAAGCTGAATGGA,12642
GGTCCACAAGCATCCT,11657
GCCTTGCATTAGGAAC,11272
GCGGTATTCATTAATA,9991
CAGAACACGATGGAAA,9988
GATAATAGAAAGTGTA,9550
ACTAATCGCAACTAGA,8558
TTCTATGTTTCTTTAA,8482
ATTCGAAGACAGAGGG,8458
ATTAGACAATAATGAC,8279
CATGCAATTCAGAGGG,8209
CGCCTGTAAAAATTCG,8131
TGCATTAATTCAACTA,7991
GGACATCTTTCAAGCA,7913
CTGGAATGCAACGGGT,7457
TCGACGCTTCATGGAA,7225
CTAGCAACATCTTCCT,7153
GTAAAGACCTTCGGAG,7113
CGGCAGGATATTGCAG,7061
AAGTTAAGAGAAAGTT,6931
TAACAGTTAGACAAAA,6892
CGAAAGAACCTACCCG,6891
ATAGAATCGCAAATTA,6672
AATGAATGTATGCTAA,6579
TGAGTACTGTATACCA,6482
GTAGAAATCATAGGCG,6468
ATATCAAGACTAGATG,6409
TTGGGGATTGCCCAAA,6015
TAATAAGCCAGCAAGA,5980
AAGGAAAATTCAAAGC,5895
AGTAAACATGCATTGG,5870
TGGAATCGTCACCGAT,5830
TTTGCTCGCAAAACCA,5794
GGATTACACGATACCG,5726
CTCTCTACAGTATTGA,5680
TCACAATTCATATAAT,5599
CGCAGATATCATAGAA,5507
ACTGCGTACAGAGGTA,5499
CCCCAACCTATCGTAA,5463
GCAGTCTCCGGCTAGG,5303
CGCATGCAATTATAAA,5246
CCTTGCGGTGTTTAAC,5050
TGCCATCTGTGCATTA,5045
AACATGTGTAAGCGGT,4962
CACGAAATAGAACGTC,4931
TTATAAAAACAAATCG,4879
AATTTTAGGACGCCGT,4776
ATTATGGAAATAATGA,4736
ACAAAGTCTCGAGAAG,4733
AAGATGAATGTCTTAA,4717
GTCACTATATGATGTC,4717
GTTTCTGCCTTACAAA,4676
ATTGTGAAGAATTGCT,4343
AGAACAATTATTGTTA,4279
ATGGATATGCTATCAG,4264
GTCATATTCGATTACA,4250
TTATCACGTCTTTGCC,4196
TTACCTCTGAGAAACG,4180
TAACGGTATTCCCCAG,4030
ACAAATAGTTTATAGA,3991
GTCTAACAAGAATGTA,3963
TTGAAAAAATCATAAA,3958
ATAGCATGCGATTTTA,3922
CAATTAGAAATACATA,3833
ATATGTGCTAACAAAA,3819
GTACAAACCTGCAAAT,3819
TGGGAAATCATTGGTA,3801
ATTACCTAAGTGAAAT,3791
ACTTAAAATCTTATAA,3789
AAACTCATCAGACTGG,3758
TTGGGCACTAAATTAA,3757
ATTTGAACAATGTCCA,3742
TACCCTGCAAGCCACT,3695
CACGAGTTGGTGGGTT,3667
CCTGTTTTTAGACGAA,3661
ACTTAGGAAGGTAAAC,3615
AACCACCGAGTGACCG,3613
ATATTGTTAATATTCT,3611
AGAGCTAAAAAGAGGA,3607
ACTTATGCTCTTGATA,3570
AAATAAGTATCCTAAA,3566
ATAGGCTAGAAAGGAA,3553
GTATCCCCACGAAAGT,3537
TCCTCTATTTTCTTCT,3512
ACAGTCGCAGGGAATA,3490
TAGGACTACAGAGAAC,3468
AGCCCTTAAGACATTA,3426
TGAATGATTCTCCTTT,3402
AAAAAATTTATGACAA,3395
ACGACCAAGTGGTAGT,3366
ACTAAAGGCATAGTAG,3359
TTTTAGATAAACTTAG,3221
TAACCGGGGAATCATT,3195
TAGTAATCTAAAGTAA,3162
AAATTAAAGAGGTTAA,3113
AAAGTGAGACCTGTAC,3095
CACCTAGGATCGCACT,3055
TGAACTAGACTTTCAA,2991
TATTCAACATTCTCTA,2975
CAACGGATTCTTGTTG,2973
TACTAAGTAAGAGCAA,2886
ACGCCCCCACTTCATG,2865
CAAGGAAGTCAGGATT,2824
ATAGGCATGCTTACTG,2775
AGAAAGCTGTTAATAC,2755
TTATCTGTAGAGCGCT,2731
CAGGACGCAAAACACA,2680
AAGTAGTGATTAAGCA,2621
AGACGCTTCGGCCCAA,2615
GACAATATACCCCCAT,2613
ACCTATTCTATTTTTC,2539
TGTGATAGACCTAGAA,2526
TATATTAGTAACATAA,2441
CTCCTAATAAAAAACT,2380
CGTATACAAACGCGAC,2359
ATAAGAGAGCATCTCT,2346
TATGACATTAGAAACA,2327
CTTCAAAGACTGATTA,2283
AATAAAATGCATGGGT,2258
ATTATGTCGTGACAGT,2244
TCATAATAGGATGTTT,2183
GAGAGTACGGCACTGA,2174
ACGGCAAGTGATGAAA,2129
TAAAGACAAAAAAACC,2114
TGGCCTGCTTCGGAAA,2107
CGCGAGCGTGAAATAA,2092
AAGATTACCAAATTAT,2059
AAGCCCAATAATAAGG,2050
AAAGCTCTTTTCGTTC,2018
CAATCCGCTTGAATAC,1994
AAAATGCTGGGGTATA,1951
AAACTGATTAATGATG,1946
CAGATATGAGAGAGCA,1867
GAAAATGATCCACATT,1833
GGCTTGAATGATATTG,1828
TTCTATAGTACTTCTA,1770
CCGTTCTAAAACGCTA,1765
TCCCTTAGGCATAGCC,1756
TGTTTTACATTAGATG,1745
TAACCGCTTCAATATA,1737
AACGACAAACAGTAAG,1699
AGGAAAGAAACTGGAG,1684
AAACATATTGGCGTTT,1679
ACGTAAAAAGGATATC,1610
AGTCAGGAGTCATATA,1578
AAATAATGAGTTTATA,1564
AGCATCACGTCAGTCT,1543
CCCTATCCCAGAACCT,1520
GTAATACTGATGGGCA,1497
ATCCGATTTAAAGGCA,1496
CGATGCACTCGTAAGT,1467
TCTATCATCGCCGTTA,1455
AAAGCCCTAGTTAAGT,1406
ACTACCGCTAATATGC,1342
CCAAATTTTAACTGTG,1265
TGAAGCCATGAGTATC,1264
CAGTCGCATTGAACCT,1258
GTCCACAACAGTTGAA,1236
TAAATGGTACAGAGGT,1217
CTGCACTCCGTAAATT,1173
CTCATATTCCTATGAC,1153
CTGAACTTGTCGATAT,1121
ATCCCATCAACAAAAT,1114
CTTTAAATTATAGTCT,1075
CCTTTCTCAAAACATA,1034
ACCCCTTCAGAAGTTA,1025
GTCAAATAAATTTTCA,1009
CAAAAACTTTAATTTC,960
ATACGTATTGATATCT,952
CCATAACTGTATATGG,931
CAAGGAAACCGGTTGA,913
CATACAGAGTTTGTTG,901
AATGATAACTTAAAAA,873
ATCTAATAATTATGGT,852
CTGTAAAAAGCGTTAA,824
CTCCGCGTGTACAGAT,821
TATGGCCTATAGGTTC,802
TGGACACTTACAACAA,802
TCATTGTCAATATTGA,780
CCAAGCTAGGTCGACA,779
AGTCCTATCCTCAAAT,694
TAGTTGACTGTCGAGG,688
GGATTGTAATAAATCA,653
CATGTGAATTCGCCCA,650
CGTTAAGTTGAAAAAA,549
CCAGCCACATAAAATT,547
AGTACTTCGTACTCCT,543
AATCCGAAATTTATTC,507
AATTGTGAATGCCACA,496
GACACAGAACCCATGC,495
AGCAGTAAATAAAATC,390
AGCCCGAAGAGCCCCT,350
CCACATAGGCGTTTTT,304
GCAGAACATAAAACTC,303
GCATCCTTTTCCTGTT,286
AATCCATTAGTTCAGC,278
TCCGAAAGACCAAAAC,207
AAAATCATTCGACTCT,151
CCCGACAAAGCCCTCG,116
GAATATAAATGGGCAT,114
CCAGGAACAATATATC,0
CCCACCCCTGCCTCCC,0
GAGCAGTATCTGGTTA,0
TTGAAAGCCACAACAC,0
