strain,barcode
A/Argentina/677/2023,CGGCAGGATATTGCAG
A/Argentina/677/2023,CCGTTCTAAAACGCTA
A/Argentina/677/2023,ATATCAAGACTAGATG
A/Argentina/824/2023,TACTAAGTAAGAGCAA
A/Argentina/824/2023,ACAAATAGTTTATAGA
A/Argentina/824/2023,CCACATAGGCGTTTTT
A/Arizona/43/2023,TGTGATAGACCTAGAA
A/Arizona/43/2023,TATGGCCTATAGGTTC
A/Arizona/43/2023,AGTCAGGAGTCATATA
A/Arizona/IVYG43Q65T3/2023,TCACAATTCATATAAT
A/Arizona/IVYG43Q65T3/2023,TAACAGTTAGACAAAA
A/Arizona/IVYG43Q65T3/2023,ATCTAATAATTATGGT
A/Brazil/GIHSN-HCL023128467501/2023,ACTAATCGCAACTAGA
A/Brazil/GIHSN-HCL023128467501/2023,CCTTGCGGTGTTTAAC
A/Brazil/GIHSN-HCL023128467501/2023,ATTCGAAGACAGAGGG
A/Brisbane/02/2018,ATCCGATTTAAAGGCA
A/Brisbane/02/2018,TTGGGCACTAAATTAA
A/Brisbane/02/2018,TAATAAGCCAGCAAGA
A/California/07/2009,GACACAGAACCCATGC
A/California/07/2009,CATGTGAATTCGCCCA
A/California/07/2009,CCTTTCTCAAAACATA
A/California/75/2023,AGCCCGAAGAGCCCCT
A/California/75/2023,CTTCAAAGACTGATTA
A/California/75/2023,TAACCGCTTCAATATA
A/California/82/2023,ATACGTATTGATATCT
A/California/82/2023,GAGCAGTATCTGGTTA
A/California/82/2023,TGGGAAATCATTGGTA
A/Cambodia/KPH230176/2023,ATTTGAACAATGTCCA
A/Cambodia/KPH230176/2023,AACATGTGTAAGCGGT
A/Cambodia/KPH230176/2023,CTGGAATGCAACGGGT
A/Cambodia/SVH230198/2023,ATAGCATGCGATTTTA
A/Cambodia/SVH230198/2023,CCAGGAACAATATATC
A/Cambodia/SVH230198/2023,GTCTAACAAGAATGTA
A/ChiangRai/P3437/2023,AATGATAACTTAAAAA
A/ChiangRai/P3437/2023,GGATTACACGATACCG
A/ChiangRai/P3437/2023,AAACTGATTAATGATG
A/Chungbuk/1553/2023,AAATTAAAGAGGTTAA
A/Chungbuk/1553/2023,TTACCTCTGAGAAACG
A/Chungbuk/1553/2023,AGCCCTTAAGACATTA
A/CostaRica/INC-0036-793184/2023,AATTGTGAATGCCACA
A/CostaRica/INC-0036-793184/2023,TAGGACTACAGAGAAC
A/CostaRica/INC-0036-793184/2023,CGTTAAGTTGAAAAAA
A/CostaRica/INC-0048-796565/2023,TAACGGTATTCCCCAG
A/CostaRica/INC-0048-796565/2023,CAATCCGCTTGAATAC
A/CostaRica/INC-0048-796565/2023,CACGAGTTGGTGGGTT
A/CostaRica/INC-0053-796776/2023,TCATAATAGGATGTTT
A/CostaRica/INC-0053-796776/2023,CTCCGCGTGTACAGAT
A/CostaRica/INC-0053-796776/2023,TTCTATGTTTCTTTAA
A/CostaRica/INC-0348-802602/2023,ACTTATGCTCTTGATA
A/CostaRica/INC-0348-802602/2023,ACTTAGGAAGGTAAAC
A/CostaRica/INC-0348-802602/2023,TAGTTGACTGTCGAGG
A/Denmark/1567/2023,ACCCCTTCAGAAGTTA
A/Denmark/1567/2023,TAGTAATCTAAAGTAA
A/Denmark/1567/2023,TCCGAAAGACCAAAAC
A/EspiritoSanto/6964/2023,TGGCCTGCTTCGGAAA
A/EspiritoSanto/6964/2023,AGCATCACGTCAGTCT
A/EspiritoSanto/6964/2023,AAATAAGTATCCTAAA
A/Ghana/1127/2023,AAACATATTGGCGTTT
A/Ghana/1127/2023,GATAATAGAAAGTGTA
A/Ghana/1127/2023,TCGACGCTTCATGGAA
A/Gwangju/1254/2023,GGCTTGAATGATATTG
A/Gwangju/1254/2023,GTCAAATAAATTTTCA
A/Gwangju/1254/2023,GACAATATACCCCCAT
A/Hawaii/70/2019,ATAGAATCGCAAATTA
A/Hawaii/70/2019,TGGAATCGTCACCGAT
A/Hawaii/70/2019,AGTAAACATGCATTGG
A/Jeonbuk/1544/2023,GTCATATTCGATTACA
A/Jeonbuk/1544/2023,TGGACACTTACAACAA
A/Jeonbuk/1544/2023,AAAGCCCTAGTTAAGT
A/Michigan/45/2015,ACAAAGTCTCGAGAAG
A/Michigan/45/2015,CACCTAGGATCGCACT
A/Michigan/45/2015,TTGAAAAAATCATAAA
A/Michigan/MISAPPHIREL365374393/2023,TTCTATAGTACTTCTA
A/Michigan/MISAPPHIREL365374393/2023,GGATTGTAATAAATCA
A/Michigan/MISAPPHIREL365374393/2023,ATCCCATCAACAAAAT
A/NakhonPhanom/P3460/2023,TCATTGTCAATATTGA
A/NakhonPhanom/P3460/2023,CTGTAAAAAGCGTTAA
A/NakhonPhanom/P3460/2023,AAGGAAAATTCAAAGC
A/Netherlands/1739/2023,TCTATCATCGCCGTTA
A/Netherlands/1739/2023,ACTAAAGGCATAGTAG
A/Netherlands/1739/2023,AATAAAATGCATGGGT
A/NewHampshire/7/2023,TGAACTAGACTTTCAA
A/NewHampshire/7/2023,AAGTAGTGATTAAGCA
A/NewHampshire/7/2023,CTGCACTCCGTAAATT
A/Norway/7787/2023,ATAAGAGAGCATCTCT
A/Norway/7787/2023,CGCAGATATCATAGAA
A/Norway/7787/2023,ATATGTGCTAACAAAA
A/Norway/8030/2023,TTTGCTCGCAAAACCA
A/Norway/8030/2023,GTTTCTGCCTTACAAA
A/Norway/8030/2023,GCGGTATTCATTAATA
A/Norway/9845/2023,GTAAAGACCTTCGGAG
A/Norway/9845/2023,TGAAGCCATGAGTATC
A/Oregon/32/2023,ATTGTGAAGAATTGCT
A/Oregon/32/2023,GCCTTGCATTAGGAAC
A/Oregon/32/2023,CGTATACAAACGCGAC
A/PaisVasco/1994/2023,CGAAAGAACCTACCCG
A/PaisVasco/1994/2023,CCAGCCACATAAAATT
A/PaisVasco/1994/2023,TTATCACGTCTTTGCC
A/Panama/M270337/2023,GTCACTATATGATGTC
A/Panama/M270337/2023,CAGAACACGATGGAAA
A/Panama/M270337/2023,GCAGTCTCCGGCTAGG
A/Para/2023-020942-IEC/2023,TGCATTAATTCAACTA
A/Para/2023-020942-IEC/2023,AGACGCTTCGGCCCAA
A/Para/2023-020942-IEC/2023,TGAGTACTGTATACCA
A/Pennsylvania/46/2023,AGAAAGCTGTTAATAC
A/Pennsylvania/46/2023,GAAAATGATCCACATT
A/Pennsylvania/46/2023,AAATAATGAGTTTATA
A/Pennsylvania/51/2023,ACCAAAGCTGAATGGA
A/Pennsylvania/51/2023,TTGAAAGCCACAACAC
A/Pennsylvania/51/2023,ACAGTCGCAGGGAATA
A/Perth/110/2023,GCAGAACATAAAACTC
A/Perth/110/2023,AGTACTTCGTACTCCT
A/Perth/110/2023,ACGTAAAAAGGATATC
A/Perth/275/2023,GTCCACAACAGTTGAA
A/Perth/275/2023,CCTGTTTTTAGACGAA
A/Perth/275/2023,ATAGGCTAGAAAGGAA
A/Perth/372/2023,CTAGCAACATCTTCCT
A/Perth/372/2023,TTATAAAAACAAATCG
A/Perth/372/2023,TCCTCTATTTTCTTCT
A/Philippines/10/2023,GGTCCACAAGCATCCT
A/Philippines/10/2023,TAACCGGGGAATCATT
A/Philippines/10/2023,CCAAGCTAGGTCGACA
A/RioGrandedoSul/6798/2023,CCAAATTTTAACTGTG
A/RioGrandedoSul/6798/2023,ACGGCAAGTGATGAAA
A/RioGrandedoSul/6798/2023,AATCCATTAGTTCAGC
A/Senegal/1341/2023,AAGATGAATGTCTTAA
A/Senegal/1341/2023,TAAAGACAAAAAAACC
A/Senegal/1341/2023,CATGCAATTCAGAGGG
A/Senegal/1382/2023,CAGGACGCAAAACACA
A/Senegal/1382/2023,CCCTATCCCAGAACCT
A/Senegal/1382/2023,ATTATGGAAATAATGA
A/Senegal/1423/2023,CACGAAATAGAACGTC
A/Senegal/1423/2023,ACTGCGTACAGAGGTA
A/Senegal/1423/2023,ACGACCAAGTGGTAGT
A/Singapore/GP7085/2023,CCCACCCCTGCCTCCC
A/Singapore/GP7085/2023,CCCCAACCTATCGTAA
A/Singapore/GP7085/2023,AAAGTGAGACCTGTAC
A/SouthAfrica/R06646/2023,TGTTTTACATTAGATG
A/SouthAfrica/R06646/2023,ACTTAAAATCTTATAA
A/SouthAfrica/R06646/2023,ACCTATTCTATTTTTC
A/SouthAustralia/179/2023,TAAATGGTACAGAGGT
A/SouthAustralia/179/2023,ACGCCCCCACTTCATG
A/SouthAustralia/179/2023,ATAGGCATGCTTACTG
A/Sydney/130/2023,CCATAACTGTATATGG
A/Sydney/130/2023,ACTACCGCTAATATGC
A/Sydney/130/2023,CAGATATGAGAGAGCA
A/Sydney/166/2023,ATGGATATGCTATCAG
A/Sydney/166/2023,AGAACAATTATTGTTA
A/Sydney/166/2023,AAGCCCAATAATAAGG
A/Sydney/591/2023,CTCTCTACAGTATTGA
A/Sydney/591/2023,ATTAGACAATAATGAC
A/Sydney/591/2023,GGACATCTTTCAAGCA
A/Sydney/845/2023,GAATATAAATGGGCAT
A/Sydney/845/2023,GTATCCCCACGAAAGT
A/Sydney/845/2023,ATTACCTAAGTGAAAT
A/Tasmania/140/2023,CAACGGATTCTTGTTG
A/Tasmania/140/2023,GAGAGTACGGCACTGA
A/Tasmania/140/2023,TATGACATTAGAAACA
A/Thies/1247/2023,AACGAAAAGAATAAGC
A/Thies/1247/2023,CCCGACAAAGCCCTCG
A/Thies/1247/2023,ATTATGTCGTGACAGT
A/Valparaiso/41964/2023,AATGAATGTATGCTAA
A/Valparaiso/41964/2023,TGCCATCTGTGCATTA
A/Valparaiso/41964/2023,CGCGAGCGTGAAATAA
A/Victoria/1010/2023,AATTTTAGGACGCCGT
A/Victoria/1010/2023,TCCCTTAGGCATAGCC
A/Victoria/1010/2023,GTAGAAATCATAGGCG
A/Victoria/1013/2023,CAGTCGCATTGAACCT
A/Victoria/1013/2023,AAAATGCTGGGGTATA
A/Victoria/1013/2023,ATATTGTTAATATTCT
A/Victoria/1384/2023,CAAAAACTTTAATTTC
A/Victoria/1384/2023,CTCCTAATAAAAAACT
A/Victoria/1384/2023,CGCATGCAATTATAAA
A/Victoria/1389/2023,CGATGCACTCGTAAGT
A/Victoria/1389/2023,TTTTAGATAAACTTAG
A/Victoria/1389/2023,AAGATTACCAAATTAT
A/Victoria/1834/2023,CAAGGAAGTCAGGATT
A/Victoria/1834/2023,CTCATATTCCTATGAC
A/Victoria/1834/2023,GCATCCTTTTCCTGTT
A/Victoria/2241/2023,TATTCAACATTCTCTA
A/Victoria/2241/2023,GTAATACTGATGGGCA
A/Victoria/2241/2023,TGAATGATTCTCCTTT
A/Washington/32/2023,TTGGGGATTGCCCAAA
A/Washington/32/2023,AAACTCATCAGACTGG
A/Washington/32/2023,CGCCTGTAAAAATTCG
A/Wisconsin/588/2019,GAAGAAACTATAACCA
A/Wisconsin/588/2019,TATATTAGTAACATAA
A/Wisconsin/588/2019,AGTCCTATCCTCAAAT
A/Wisconsin/67/2022,AGGAAAGAAACTGGAG
A/Wisconsin/67/2022,AAAGCTCTTTTCGTTC
A/Wisconsin/67/2022,CTGAACTTGTCGATAT
A/Victoria/4897/2022_IVR238,AATCCGAAATTTATTC
A/Victoria/4897/2022_IVR238,AGAGCTAAAAAGAGGA
A/Victoria/4897/2022_IVR238,AAGTTAAGAGAAAGTT
A/Oregon/Flu-OHSU-241140095/2023,AGCAGTAAATAAAATC
A/Oregon/Flu-OHSU-241140095/2023,CAAGGAAACCGGTTGA
A/Oregon/Flu-OHSU-241140095/2023,AAAATCATTCGACTCT
